{
	 "rootnode": {
		 "name": "<3DSRoot>"
		,"transformation": [
			 1
			,0
			,0
			,0
			,0
			,0
			,1
			,0
			,0
			,-1
			,0
			,0
			,0
			,0
			,0
			,1
		]
		,"children": [
			{
				 "name": "Plane004"
				,"transformation": [
					 1
					,0
					,0
					,0
					,0
					,1
					,0
					,0
					,0
					,0
					,1
					,10
					,0
					,0
					,0
					,1
				]
				,"meshes": [
					 0
				]
			}
			,{
				 "name": "Plane005"
				,"transformation": [
					 1
					,0
					,-0
					,0
					,-0
					,5.96046e-08
					,-1
					,10
					,0
					,1
					,5.96046e-08
					,0
					,0
					,0
					,0
					,1
				]
				,"meshes": [
					 1
				]
			}
			,{
				 "name": "Plane007"
				,"transformation": [
					 1
					,0
					,-0
					,0
					,-0
					,5.96046e-08
					,-1
					,-10
					,0
					,1
					,5.96046e-08
					,0
					,0
					,0
					,0
					,1
				]
				,"meshes": [
					 1
				]
			}
			,{
				 "name": "Plane008"
				,"transformation": [
					 5.96046e-08
					,0
					,1
					,10
					,-0
					,1
					,0
					,0
					,-1
					,-0
					,5.96046e-08
					,0
					,0
					,0
					,0
					,1
				]
				,"meshes": [
					 2
				]
			}
			,{
				 "name": "Plane009"
				,"transformation": [
					 5.96046e-08
					,0
					,1
					,-10
					,-0
					,1
					,0
					,0
					,-1
					,-0
					,5.96046e-08
					,0
					,0
					,0
					,0
					,1
				]
				,"meshes": [
					 2
				]
			}
			,{
				 "name": "Plane010"
				,"transformation": [
					 1
					,0
					,0
					,0
					,0
					,1
					,0
					,0
					,0
					,0
					,1
					,-10
					,0
					,0
					,0
					,1
				]
				,"meshes": [
					 0
				]
			}
		]
	}
	,"flags": 8
	,"meshes": [
		{
			 "name": "0"
			,"materialindex": 0
			,"primitivetypes": 4
			,"vertices": [
				 -10
				,-5
				,0
				,-10
				,-10
				,0
				,-5
				,-5
				,0
				,-5
				,-10
				,0
				,0
				,-5
				,0
				,0
				,-10
				,0
				,5
				,-5
				,0
				,5
				,-10
				,0
				,10
				,-5
				,0
				,10
				,-10
				,0
				,-10
				,0
				,0
				,-5
				,0
				,0
				,0
				,0
				,0
				,5
				,0
				,0
				,10
				,0
				,0
				,-10
				,5
				,0
				,-5
				,5
				,0
				,0
				,5
				,0
				,5
				,5
				,0
				,10
				,5
				,0
				,-10
				,10
				,0
				,-5
				,10
				,0
				,0
				,10
				,0
				,5
				,10
				,0
				,10
				,10
				,0
			]
			,"normals": [
				 0
				,0
				,1
				,0
				,0
				,1
				,0
				,0
				,1
				,0
				,0
				,1
				,0
				,0
				,1
				,0
				,0
				,1
				,0
				,0
				,1
				,0
				,0
				,1
				,0
				,0
				,1
				,0
				,0
				,1
				,0
				,0
				,1
				,0
				,0
				,1
				,0
				,0
				,1
				,0
				,0
				,1
				,0
				,0
				,1
				,0
				,0
				,1
				,0
				,0
				,1
				,0
				,0
				,1
				,0
				,0
				,1
				,0
				,0
				,1
				,0
				,0
				,1
				,0
				,0
				,1
				,0
				,0
				,1
				,0
				,0
				,1
				,0
				,0
				,1
			]
			,"tangents": [
				 1
				,0
				,0
				,1
				,0
				,0
				,1
				,0
				,0
				,1
				,0
				,0
				,1
				,0
				,0
				,1
				,0
				,0
				,1
				,0
				,0
				,1
				,0
				,0
				,1
				,0
				,0
				,1
				,0
				,0
				,1
				,0
				,0
				,1
				,0
				,0
				,1
				,0
				,0
				,1
				,0
				,0
				,1
				,0
				,0
				,1
				,0
				,0
				,1
				,0
				,0
				,1
				,0
				,0
				,1
				,0
				,0
				,1
				,0
				,0
				,1
				,0
				,0
				,1
				,0
				,0
				,1
				,0
				,0
				,1
				,0
				,0
				,1
				,0
				,0
			]
			,"bitangents": [
				 0
				,-1
				,0
				,0
				,-1
				,0
				,0
				,-1
				,0
				,0
				,-1
				,0
				,0
				,-1
				,0
				,0
				,-1
				,0
				,0
				,-1
				,0
				,0
				,-1
				,0
				,0
				,-1
				,0
				,0
				,-1
				,0
				,0
				,-1
				,0
				,0
				,-1
				,0
				,0
				,-1
				,0
				,0
				,-1
				,0
				,0
				,-1
				,0
				,0
				,-1
				,0
				,0
				,-1
				,0
				,0
				,-1
				,0
				,0
				,-1
				,0
				,0
				,-1
				,0
				,0
				,-1
				,0
				,0
				,-1
				,0
				,0
				,-1
				,0
				,0
				,-1
				,0
				,0
				,-1
				,0
			]
			,"numuvcomponents": [
				 2
			]
			,"texturecoords": [
				[
					 0
					,0.25
					,0
					,0
					,0.25
					,0.25
					,0.25
					,0
					,0.5
					,0.25
					,0.5
					,0
					,0.75
					,0.25
					,0.75
					,0
					,1
					,0.25
					,1
					,0
					,0
					,0.5
					,0.25
					,0.5
					,0.5
					,0.5
					,0.75
					,0.5
					,1
					,0.5
					,0
					,0.75
					,0.25
					,0.75
					,0.5
					,0.75
					,0.75
					,0.75
					,1
					,0.75
					,0
					,1
					,0.25
					,1
					,0.5
					,1
					,0.75
					,1
					,1
					,1
				]
			]
			,"faces": [
				[
					 0
					,1
					,2
				]
				,[
					 10
					,0
					,11
				]
				,[
					 2
					,11
					,0
				]
				,[
					 3
					,2
					,1
				]
				,[
					 2
					,3
					,4
				]
				,[
					 11
					,2
					,12
				]
				,[
					 4
					,12
					,2
				]
				,[
					 11
					,16
					,10
				]
				,[
					 16
					,11
					,17
				]
				,[
					 12
					,17
					,11
				]
				,[
					 15
					,10
					,16
				]
				,[
					 16
					,21
					,15
				]
				,[
					 21
					,16
					,22
				]
				,[
					 17
					,22
					,16
				]
				,[
					 17
					,12
					,18
				]
				,[
					 22
					,17
					,23
				]
				,[
					 18
					,23
					,17
				]
				,[
					 12
					,4
					,13
				]
				,[
					 13
					,18
					,12
				]
				,[
					 18
					,13
					,19
				]
				,[
					 23
					,18
					,24
				]
				,[
					 19
					,24
					,18
				]
				,[
					 6
					,13
					,4
				]
				,[
					 13
					,6
					,14
				]
				,[
					 14
					,19
					,13
				]
				,[
					 4
					,5
					,6
				]
				,[
					 7
					,6
					,5
				]
				,[
					 6
					,7
					,8
				]
				,[
					 8
					,14
					,6
				]
				,[
					 5
					,4
					,3
				]
				,[
					 9
					,8
					,7
				]
				,[
					 20
					,15
					,21
				]
			]
		}
		,{
			 "name": "1"
			,"materialindex": 1
			,"primitivetypes": 4
			,"vertices": [
				 -10
				,-5
				,0
				,-10
				,-10
				,0
				,-5
				,-5
				,0
				,-5
				,-10
				,0
				,0
				,-5
				,0
				,0
				,-10
				,0
				,5
				,-5
				,0
				,5
				,-10
				,0
				,10
				,-5
				,0
				,10
				,-10
				,0
				,-10
				,0
				,0
				,-5
				,0
				,0
				,0
				,0
				,0
				,5
				,0
				,0
				,10
				,0
				,0
				,-10
				,5
				,0
				,-5
				,5
				,0
				,0
				,5
				,0
				,5
				,5
				,0
				,10
				,5
				,0
				,-10
				,10
				,0
				,-5
				,10
				,0
				,0
				,10
				,0
				,5
				,10
				,0
				,10
				,10
				,0
			]
			,"normals": [
				 0
				,4.37114e-08
				,1
				,0
				,4.37114e-08
				,1
				,0
				,4.37114e-08
				,1
				,0
				,4.37114e-08
				,1
				,0
				,4.37114e-08
				,1
				,0
				,4.37114e-08
				,1
				,0
				,4.37114e-08
				,1
				,0
				,4.37114e-08
				,1
				,0
				,4.37114e-08
				,1
				,0
				,4.37114e-08
				,1
				,0
				,4.37114e-08
				,1
				,0
				,4.37114e-08
				,1
				,0
				,4.37114e-08
				,1
				,0
				,4.37114e-08
				,1
				,0
				,4.37114e-08
				,1
				,0
				,4.37114e-08
				,1
				,0
				,4.37114e-08
				,1
				,0
				,4.37114e-08
				,1
				,0
				,4.37114e-08
				,1
				,0
				,4.37114e-08
				,1
				,0
				,4.37114e-08
				,1
				,0
				,4.37114e-08
				,1
				,0
				,4.37114e-08
				,1
				,0
				,4.37114e-08
				,1
				,0
				,4.37114e-08
				,1
			]
			,"tangents": [
				 1
				,0
				,0
				,1
				,0
				,0
				,1
				,0
				,0
				,1
				,0
				,0
				,1
				,0
				,0
				,1
				,0
				,0
				,1
				,0
				,0
				,1
				,0
				,0
				,1
				,0
				,0
				,1
				,0
				,0
				,1
				,0
				,0
				,1
				,0
				,0
				,1
				,0
				,0
				,1
				,0
				,0
				,1
				,0
				,0
				,1
				,0
				,0
				,1
				,0
				,0
				,1
				,0
				,0
				,1
				,0
				,0
				,1
				,0
				,0
				,1
				,0
				,0
				,1
				,0
				,0
				,1
				,0
				,0
				,1
				,0
				,0
				,1
				,0
				,0
			]
			,